state,url,description
Andaman and Nicobar Islands,https://www.bharattemples.com/andaman-nicobar/,"
Andaman & Nicobar, the exotic island in the Bay of Bengal, is not just a haven for beach lovers and adventure enthusiasts. It is also a hub of culture and spirituality, featuring an array of temples with a rich history and cultural significance.
The temples in Andaman & Nicobar offer a glimpse into the fascinating past of the island and the people who reside here. From the historic Cellular Jail to the serene Radha Krishna Temple, each temple holds its unique charm and story. The temples are not only a place of worship but also a center for community gatherings, cultural events, and social activities.
Some of the notable temples in Andaman & Nicobar include the Mahavir Temple, dedicated to Lord Hanuman and located in Port Blair, the Japanese Temple that is a symbol of peace and friendship between India and Japan, and the Sree Ramakrishna Mission Ashram that provides spiritual solace to its visitors.
Exploring the temples of Andaman & Nicobar is an enriching experience that offers a glimpse into the spiritual and cultural heritage of the island. The tranquil atmosphere of these temples, surrounded by lush greenery and serene water bodies, provides a perfect respite from the hustle and bustle of daily life.
In conclusion, Andaman & Nicobar is a must-visit destination for anyone seeking a spiritual journey amidst the serene beauty of nature. Whether you are a believer or not, a visit to these enchanting temples will undoubtedly leave you with a sense of awe and wonder.
"
Andhra Pradesh,https://www.bharattemples.com/andhra-pradesh,"
Andhra Pradesh, located on the southeastern coast of India, is a state that boasts of a rich cultural heritage, and is home to some of the most exquisite temples in the country. These temples are a perfect blend of intricate architecture, exquisite carvings, and rich history, making them a popular destination for tourists and pilgrims alike.
One of the most popular temples in Andhra Pradesh is the Sri Venkateswara Temple located in Tirumala. It is considered to be one of the richest and most visited temples in the world and attracts millions of devotees every year. The temple is dedicated to Lord Venkateswara, an incarnation of Lord Vishnu, and is situated atop the seven hills of Tirumala.
Apart from the Sri Venkateswara Temple, Andhra Pradesh is also home to several other ancient temples such as the Sri Ranganathaswamy Temple in Nellore, the Bhadrachalam Temple dedicated to Lord Rama, and the Kanaka Durga Temple in Vijayawada. Each of these temples is known for its unique architecture, fascinating history, and spiritual significance.
In addition to the ancient temples, Andhra Pradesh is also home to some modern architectural wonders such as the Lepakshi Temple, which is famous for its hanging pillar and beautiful frescoes. The Thousand Pillar Temple in Warangal is another example of brilliant architecture that attracts visitors from all over the world.
Overall, Andhra Pradesh is a treasure trove of temples that showcase the rich cultural heritage of the state. These temples not only provide a spiritual experience but also offer a glimpse into the history and architecture of ancient India.
"
Arunachal Pradesh,https://www.bharattemples.com/arunachal-pradesh,"
Arunachal Pradesh, a state located in the northeastern part of India, is home to a rich and diverse collection of temples that showcase the region’s unique blend of culture and traditions. The temples in Arunachal Pradesh are not only important religious centers but also significant tourist attractions that offer visitors a glimpse into the state’s rich cultural heritage.
One of the most famous temples is the Tawang Monastery, located in the town of Tawang. The monastery is one of the largest in India and is a major center of Mahayana Buddhism. The monastery’s stunning architecture and beautiful surroundings make it a popular tourist destination.
Another notable temple in Arunachal Pradesh is the Parshuram Kund, a sacred site located in the Lohit district. The site is considered to be the place where the sage Parshuram washed away his sins and is believed to have great spiritual significance.
The Golden Pagoda, also known as the Burmese Pagoda, is another significant temple in Arunachal Pradesh. The temple is located in the Namsai district and is a major center of Buddhist learning. The temple’s golden spire and intricate architecture are a sight to behold.
Other famous temples in Arunachal Pradesh include the Malinithan Temple, located in the West Siang district, and the Kamakhya Temple, located in the Kamrup district.
In conclusion, Arunachal Pradesh’s temples offer visitors a unique and fascinating insight into the region’s rich cultural heritage and traditions. These temples are not only important religious centers but also significant tourist attractions that are sure to leave a lasting impression on visitors.
"
Assam,https://www.bharattemples.com/assam,"
Assam, a northeastern state of India, is known for its stunning natural beauty, rich cultural heritage, and vibrant spiritual traditions. The state is home to a number of ancient temples, showcasing the finest examples of Assamese architecture and the spiritual beliefs of the region.
One of the most famous temples in Assam is the Kamakhya Temple, located in the city of Guwahati. The temple is dedicated to Goddess Kamakhya, a form of the Goddess Shakti, and is known for its stunning architecture, intricate carvings, and rich history, dating back to the 8th century. The temple is also an important center for music and dance performances, as well as for the celebration of traditional festivals.
Another famous temple in Assam is the Umananda Temple, located on the Peacock Island in the Brahmaputra River. The temple is dedicated to Lord Shiva and is known for its unique architecture and tranquil surroundings. The temple is also an important center for meditation and spiritual practices.
The Navagraha Temple, another famous temple in Assam, is dedicated to the nine planets and is known for its stunning architecture and rich history, dating back to the 18th century. The temple is also an important center for astrology and is visited by people seeking blessings for good fortune and prosperity.
Apart from these famous temples, Assam is also home to a number of lesser-known but equally beautiful temples, such as the Hayagriva Madhava Temple and the Bhairabi Temple. These temples offer a glimpse into the rich cultural and religious heritage of Assam.
"
Bihar,https://www.bharattemples.com/bihar,"
Bihar, located in eastern India, is known for its rich cultural heritage and historical significance. The state is home to several famous temples that attract visitors from across the country and around the world. These temples not only hold religious significance but also showcase the unique architectural style and cultural traditions of Bihar.
One of the most famous temples is the Mahabodhi Temple, located in Bodh Gaya. This temple is a UNESCO World Heritage Site and is considered to be one of the most important Buddhist pilgrimage sites in the world. Another significant temple is the Vishnupad Temple in Gaya, dedicated to Lord Vishnu. This temple is believed to be built on the site where Lord Vishnu is said to have left his footprint.
The Patna Sahib Gurudwara, located in Patna, is another significant religious site in Bihar. It is one of the most important gurudwaras in India and is dedicated to Guru Gobind Singh, the tenth Sikh guru.
Apart from these, Bihar also has several other temples that are worth visiting, such as the Rajgir Vishwa Shanti Stupa, the Baidyanath Temple in Deoghar, and the Pawapuri Jain Temple.
Visiting these temples not only provides a spiritual experience but also gives visitors a glimpse into the rich cultural heritage of Bihar. With their stunning architecture, intricate carvings, and religious significance, these temples are a must-visit for anyone visiting Bihar.
Browse Temples in Patna, Gaya, Siwan
"
Chandigarh,https://www.bharattemples.com/chandigarh,"
Chandigarh, the capital city of Punjab and Haryana, is not just famous for its modern architecture and urban planning, but also for its rich spiritual heritage. The city is home to several ancient and modern temples that attract devotees and tourists from all over the world.
One of the most popular temples in Chandigarh is the ISKCON temple, which is dedicated to Lord Krishna. This stunning temple complex is designed in a modern architectural style and features beautifully landscaped gardens, a meditation hall, and a vegetarian restaurant.
Another significant temple in Chandigarh is the Mansa Devi Temple, which is located on top of a hill and offers breathtaking views of the city. This ancient temple is dedicated to the goddess Mansa Devi and is believed to grant wishes to its devotees.
The Chandi Devi Temple, located in the foothills of the Shivalik range, is another famous temple in Chandigarh. This ancient temple is dedicated to the goddess Chandi, who is believed to protect the city from evil forces.
Apart from these famous temples, there are several other small and big temples in Chandigarh, each with its unique history and significance. Visiting these temples is not just a religious experience, but also a way to explore the city’s cultural heritage.
In conclusion, Chandigarh’s temples are a must-visit for anyone interested in exploring the city’s spiritual and cultural heritage. With their stunning architecture, serene surroundings, and fascinating history, these temples offer a glimpse into the divine side of the city.
"
Chhattisgarh,https://www.bharattemples.com/chhattisgarh,"
Temples in Chhattisgarh: Exploring the Spiritual and Architectural Wonders of Central India
Chhattisgarh, a state located in central India, is known for its rich history, unique culture, and vibrant traditions. The state is home to several ancient temples that showcase the region’s architectural and spiritual heritage. These temples, dating back several centuries, are not only religious sites but also serve as cultural landmarks, offering a glimpse into Chhattisgarh’s rich history and traditions.
One of the most famous temples in Chhattisgarh is the Bhoramdeo Temple, located in the Kawardha district. The temple, dedicated to Lord Shiva, is known for its exquisite carvings and intricate architecture. Another popular temple in the state is the Rajivalochana Temple in Rajim, which is famous for its beautiful sculptures and elaborate architecture.
Apart from these two famous temples, Chhattisgarh is home to several other temples that are equally impressive. The Chandi Mandir in Raipur, the Danteshwari Temple in Dantewada, and the Mahamaya Temple in Bilaspur are some of the other popular temples in the state.
Visiting the temples in Chhattisgarh is a unique experience that allows visitors to explore the region’s rich spiritual and architectural heritage. These ancient temples offer a glimpse into the state’s unique culture and traditions and are a must-visit for anyone interested in exploring the region’s rich history.
Chhattisgarh takes its name from 36 (Chhattis is thirty-six and Garh is Fort in English) princely states that constitute this region. Browse Temples in following districts of Chhattisgarh:
Balod, Balodabazar, Balrampur, Bastar, Bemetara, Bijapur, Bilaspur, Dhamtari, Dantewada, Durg, Gariaband, Janjgir-Champa, Jashpur, Kabirdham, Kanker, Kondagaon,  Korba, Korea, Mahasamund, Mungeli, Narayanpur, Raigarh, Raipur, Rajnandgaon, Sukma, Surajpur, Surguja
"
Dadra and Nagar Haveli ,https://www.bharattemples.com/dadra-and-nagar-haveli,"
Dadra and Nagar Haveli, a union territory located in western India, is home to several sacred temples that reflect the region’s rich cultural heritage and offer visitors a chance to explore their spirituality. From the famous Bindrabin Temple to the serene Balaji Temple, Dadra and Nagar Haveli is a must-visit destination for those seeking to connect with their spiritual side.
The Bindrabin Temple, located in Bindrabin village, is one of the most famous temples. The temple is dedicated to Lord Shiva and is known for its serene atmosphere and stunning architecture. The temple’s location in the midst of lush greenery adds to its tranquil ambiance.
Another notable temple in Dadra and Nagar Haveli is the Balaji Temple, located in Silvassa, the capital city of the union territory. The temple is dedicated to Lord Venkateshwara, also known as Lord Balaji, and is considered one of the most important temples in the region. The temple’s intricate carvings and stunning architecture make it a popular destination for tourists and devotees alike.
The Vanganga Lake and Garden, located in Silvassa, is also home to several temples, including the Swaminarayan Temple and the Sai Baba Temple. These temples provide visitors with a peaceful retreat and a chance to connect with their spiritual side.
Dadra and Nagar Haveli is also home to several other significant temples, including the Church of Our Lady of Piety and the Shree Swaminarayan Temple. Each temple offers visitors a unique opportunity to explore the region’s cultural heritage and connect with their spirituality.
In conclusion, the temples of Dadra and Nagar Haveli provide visitors with a unique opportunity to explore the region’s cultural heritage and connect with their spirituality. Whether you’re a history buff, a spiritual seeker, or simply someone looking for a peaceful retreat, Dadra and Nagar Haveli’s sacred temples are sure to leave you with a sense of wonder and awe.
"
Daman and Diu,https://www.bharattemples.com/daman-and-diu,"
Daman and Diu, located on India’s western coast, is a union territory that boasts of a unique blend of Indian and Portuguese influences. The region’s temples reflect this cultural richness and offer visitors a chance to explore their spirituality while experiencing the local traditions.
One of the most significant temples in Daman and Diu is the Somnath Temple, located in the district of Somnath. This ancient temple is dedicated to Lord Shiva and is believed to be one of the twelve Jyotirlingas (shrines of Lord Shiva) in India. The temple’s stunning architecture and serene surroundings make it a popular destination for tourists and devotees alike.
Another significant temple in Daman and Diu is the Gangeshwar Temple, located near the village of Fudam. This temple is dedicated to Lord Shiva and is known for its unique rock-cut architecture. It is believed that the Pandavas from the Hindu epic Mahabharata visited this temple during their exile.
Apart from these, there are several other significant temples in Daman and Diu, including the Church of Our Lady of Remedies, dedicated to the Virgin Mary, and St. Paul’s Church, a beautiful example of Portuguese colonial architecture.
In conclusion, Daman and Diu’s temples offer visitors a unique opportunity to explore the region’s cultural heritage and connect with their spirituality. Whether you’re a history buff, a spiritual seeker, or simply someone looking to experience the vibrant traditions of India’s western coast, Daman and Diu’s temples are sure to leave you with a sense of wonder and awe.
"
Delhi,https://www.bharattemples.com/delhi,"
Delhi is a city that is steeped in history and culture, and this is reflected in the numerous temples that are scattered across the city. These temples are not only significant from a religious perspective, but they also hold great historical and architectural value.
The most famous among the temples in Delhi is the Akshardham Temple, which is a stunning example of modern architecture and craftsmanship. The temple complex is a blend of traditional Indian and contemporary styles and boasts of intricate carvings, beautiful gardens, and a stunning water show.
Apart from Akshardham, Delhi is home to several other prominent temples like the Lotus Temple, which is famous for its unique lotus-shaped architecture and serene ambiance. The Birla Mandir, also known as the Laxmi Narayan Temple, is another popular temple in Delhi that is dedicated to the Hindu deities Laxmi and Narayan.
The Kalkaji Temple, the ISKCON Temple, and the Chhatarpur Temple are some of the other famous temples in Delhi that attract a large number of devotees and tourists. These temples offer a peaceful respite from the hustle and bustle of the city and provide a glimpse into the rich spiritual and cultural heritage of India.
In conclusion, the temples in Delhi are not just places of worship, but also a testament to the rich cultural and historical legacy of the region. A visit to these temples is a spiritual journey that offers a glimpse into the spiritual and cultural fabric of India.
"
Goa,https://www.bharattemples.com/goa,"
Goa, located on the west coast of India, is a beautiful and vibrant state with a rich cultural heritage. While it is often associated with its beautiful beaches, Goa is also home to numerous temples that reflect its diverse religious traditions. These temples are an important part of Goa’s cultural identity and attract visitors from around the world.
One of the most popular temples in Goa is the Shree Mangeshi Temple, located in Ponda. Dedicated to Lord Shiva, the temple is a fine example of Goan temple architecture and is known for its intricate carvings and beautiful paintings. The temple also hosts a number of festivals and celebrations throughout the year, including the popular Shivaratri festival.
Another important temple in Goa is the Shree Mahalaxmi Temple, located in Bandora. Dedicated to the goddess Mahalaxmi, the temple is one of the oldest in Goa and is known for its impressive architecture and beautiful carvings. The temple is also home to a number of sacred trees and shrines, and is a popular destination for pilgrims.
Other important temples in Goa include the Shree Shantadurga Temple in Ponda, the Shree Ramnath Temple in Ramnathi, and the Shree Kamakshi Temple in Shiroda. Each of these temples has its own unique history and significance, and is well worth a visit for those interested in Goa’s religious and cultural heritage.
If you’re planning a trip to Goa, make sure to include some of these temples in your itinerary. With their beautiful architecture, rich history, and spiritual significance, they offer a unique and unforgettable glimpse into the state’s cultural identity.
"
Gujarat,https://www.bharattemples.com/gujarat,"
Temples in Gujarat: A Journey Through the Spiritual Heart of India
Gujarat, located in the western part of India, is home to several ancient temples that offer visitors a glimpse into the region’s rich cultural and religious heritage. Gujarat is known for its diverse cultural traditions and is famous for its unique blend of Hindu and Islamic art and architecture.
One of the most famous temples is the Somnath Temple, which is located on the coast of the Arabian Sea. The temple is dedicated to Lord Shiva and is known for its beautiful architecture and rich history. Another significant temple in Gujarat is the Dwarkadhish Temple, located in the ancient city of Dwarka. The temple is dedicated to Lord Krishna and is visited by thousands of devotees every year.
Apart from these temples, Gujarat is also home to several other significant temples such as the Ambaji Temple, the Akshardham Temple, and the Swaminarayan Temple. The Ambaji Temple is located on the Arasur Hills and is one of the 51 Shakti Peeths of India. The Akshardham Temple is known for its intricate carvings and beautiful architecture, while the Swaminarayan Temple is famous for its spiritual and cultural significance.
In addition to these temples, Gujarat is also known for its rich cultural heritage and historic landmarks such as the Sabarmati Ashram, the Rani ki Vav, and the Sun Temple in Modhera. Visitors can also explore the vibrant markets and sample the delicious cuisine that is famous for.
"
Haryana,https://www.bharattemples.com/haryana,"
Temples in Haryana: Discovering the Spiritual and Cultural Heritage of Northern India
Haryana, a state located in Northern India, is known for its rich cultural and historical heritage. The state is home to several ancient temples that showcase the region’s spiritual and architectural heritage. These temples, dating back several centuries, are not only religious sites but also serve as cultural landmarks, offering a glimpse into Haryana’s rich history and traditions.
One of the most famous temples in Haryana is the Mansa Devi Temple, located in Panchkula. The temple is dedicated to Goddess Mansa Devi and is believed to fulfill the wishes of devotees who visit the temple. Another popular temple in the state is the Sheetla Mata Temple, located in Gurgaon. The temple is dedicated to Goddess Sheetla Mata and is believed to have healing powers.
Apart from these two famous temples, Haryana is home to several other temples that are equally impressive. The Bhuteshwara Temple in Jhajjar, the Dharohar Haveli Temple in Bahadurgarh, and the Kalesar Temple in Yamunanagar are some of the other popular temples in the state.
Visiting the temples in Haryana is a unique experience that allows visitors to explore the region’s rich spiritual and cultural heritage. These ancient temples offer a glimpse into the state’s unique culture and traditions and are a must-visit for anyone interested in exploring the region’s rich history.
"
Himachal Pradesh,https://www.bharattemples.com/himachal-pradesh,"
Temples in Himachal Pradesh: Discovering the Spiritual Side of the Himalayas
Himachal Pradesh, the land of snow-capped mountains and scenic beauty, is not only famous for its natural beauty but also for its rich spiritual heritage. The state is home to several ancient temples that offer a unique blend of spirituality and architectural excellence. These temples, located amidst the majestic Himalayas, are not only religious sites but also serve as cultural landmarks, offering a glimpse into Himachal Pradesh’s rich history and traditions.
One of the most famous temples in Himachal Pradesh is the Hadimba Temple, located in Manali. The temple is dedicated to Goddess Hadimba and is surrounded by beautiful cedar forests. Another popular temple in the state is the Baijnath Temple, located in Kangra. The temple is dedicated to Lord Shiva and is believed to have been built in the 9th century.
Apart from these two famous temples, Himachal Pradesh is home to several other temples that are equally impressive. The Naina Devi Temple in Bilaspur, the Chamunda Devi Temple in Kangra, and the Jwalamukhi Temple in Kangra are some of the other popular temples in the state.
Visiting the temples in Himachal Pradesh is a unique experience that allows visitors to explore the region’s rich spiritual and cultural heritage. These ancient temples offer a glimpse into the state’s unique culture and traditions and are a must-visit for anyone interested in exploring the region’s rich history.
"
Jammu and Kashmir,https://www.bharattemples.com/jammu-kashmir,"
Jammu & Kashmir, located in the northernmost region of India, is known for its stunning landscapes, rich history, and diverse culture. The state’s temples reflect this cultural richness and offer visitors a chance to explore their spirituality and connect with the region’s ancient religious practices.
One of the most significant temples in Jammu & Kashmir is the Shankaracharya Temple, located atop the Shankaracharya Hill in Srinagar. This ancient temple is believed to have been built by Adi Shankaracharya and is dedicated to Lord Shiva. The temple’s stunning architecture and serene surroundings make it a popular destination for tourists and devotees alike.
Another significant temple in Jammu & Kashmir is the Raghunath Temple in Jammu. This temple is dedicated to Lord Rama and is believed to have been built during the 19th century. Its stunning architecture and rich history make it a must-visit destination for anyone interested in the region’s cultural heritage.
Other significant temples in Jammu & Kashmir include the Vaishno Devi Temple, one of the most visited pilgrimage sites in India, and the Kheer Bhawani Temple, which is believed to be the abode of the Hindu goddess Ragnya Devi.
In conclusion, Jammu & Kashmir’s temples offer visitors a unique opportunity to explore the region’s cultural heritage and connect with their spirituality. Whether you’re a history buff, a spiritual seeker, or simply someone looking to experience the vibrant traditions of India’s northernmost region, Jammu & Kashmir’s temples are sure to leave you with a sense of wonder and awe.
"
Jharkhand,https://www.bharattemples.com/jharkhand,"
Jharkhand is a state located in eastern India, known for its rich cultural heritage and natural beauty. The state is also home to numerous ancient and revered temples that attract devotees and tourists from all over the world. These temples are not only a testament to the state’s cultural diversity and religious tolerance but also serve as an important source of spiritual and historical significance.
Jharkhand boasts a vast collection of temples ranging from the prehistoric times to the modern era. The temples in the state offer a glimpse into the rich and diverse cultural heritage of India. Some of the famous temples in the state include the Baidyanath Temple in Deoghar, the Sun Temple in Ranchi, the Jagannath Temple in Ranchi, the Pahari Mandir in Ranchi, and the Angrabadi Temple in Khunti.
The Baidyanath Temple is one of the most revered Shiva temples in India and is situated in the ancient city of Deoghar. The temple attracts millions of devotees every year, especially during the auspicious month of Shravan, who come to offer prayers and seek blessings from Lord Shiva. The Sun Temple in Ranchi is another famous temple in the state and is dedicated to the Sun God. The temple is known for its unique architecture and is a popular tourist destination.
The Jagannath Temple in Ranchi is a replica of the famous Jagannath Temple in Puri, Odisha. The temple is dedicated to Lord Jagannath, Balabhadra, and Subhadra and is known for its annual Rath Yatra festival. The Pahari Mandir in Ranchi is a temple located on a hilltop and offers a panoramic view of the city. The temple is dedicated to Lord Shiva and is a popular pilgrimage site for devotees.
The Angrabadi Temple in Khunti is a group of ancient temples that date back to the 9th century AD. The temples are dedicated to Lord Shiva, Vishnu, and other Hindu deities and are known for their intricate carvings and sculptures.
In conclusion, Jharkhand’s temples are not only religious and spiritual centers but also a vital part of the state’s cultural heritage. These temples are not only places of worship but also a reflection of the rich history and traditions of India. Visiting these temples is a unique and enriching experience that offers a glimpse into the heart and soul of India.
"
Karnataka,https://www.bharattemples.com/karnataka,"
Temples in Karnataka: A Spiritual and Architectural Journey through South India
Karnataka, a state located in the south-western region of India, is known for its rich history, diverse culture, and breathtaking architecture. The state is home to several ancient and revered temples that showcase the spiritual and architectural side of South India. These temples not only attract devotees but also provide a glimpse into the rich cultural heritage of the state.
The Kukke Subramanya Temple is another significant temple in Karnataka and is dedicated to Lord Subramanya. The temple is located in the Western Ghats and is known for its picturesque surroundings and religious significance. The temple is believed to have been built during the 16th century and attracts a large number of devotees, especially during the annual Subramanya Shasti festival.
The Virupaksha Temple in Hampi is another popular temple in Karnataka and is dedicated to Lord Shiva. The temple is located in the UNESCO World Heritage Site of Hampi and is known for its unique architecture and historical significance. The temple is believed to have been built during the 7th century AD and attracts a large number of tourists and devotees alike.
Other significant temples in Karnataka include the Sri Ranganathaswamy Temple in Srirangapatna, the Badami Cave Temples, and the Hoysaleswara Temple in Halebidu, each with its own unique history and significance.
In conclusion, Karnataka’s temples offer a unique blend of spirituality, history, and architecture. These temples are not only important religious sites but also popular tourist destinations that provide a glimpse into the rich cultural heritage of the state.
"
Kerala,https://www.bharattemples.com/kerala,"
Kerala, known as “God’s Own Country,” is a state in the southwestern region of India. It is known for its lush green landscapes, serene backwaters, and rich cultural heritage. The state is also home to some of the most stunning temples in the country, each with its unique charm and history.
One of the most popular temples in Kerala is the Sri Padmanabhaswamy Temple in Thiruvananthapuram. This temple is dedicated to Lord Vishnu and is known for its magnificent architecture and intricate carvings. The temple is also famous for the secret vaults that were discovered in 2011, which are believed to contain treasures worth billions of dollars.
Another must-visit temple in Kerala is the Guruvayur Sri Krishna Temple, located in Thrissur district. This temple is one of the most important pilgrimage sites in South India and is dedicated to Lord Krishna. The temple is known for its stunning architecture and is believed to be over 5000 years old.
Kerala is also home to several ancient temples such as the Sabarimala Temple, dedicated to Lord Ayyappa, and the Ambalapuzha Sri Krishna Temple, known for its famous Palpayasam, a sweet rice pudding offering to Lord Krishna.
Apart from the ancient temples, Kerala is also home to some modern architectural marvels such as the Chottanikkara Temple, known for its unique architecture and healing powers, and the Adi Keshava Perumal Temple in Thiruvananthapuram, known for its intricate stone carvings.
In conclusion, Kerala is a land of diverse temples, each with its unique history and architectural brilliance. The temples offer a serene and spiritual experience, and a glimpse into the rich cultural heritage of the state.
"
Ladakh,https://www.bharattemples.com/ladakh,"
Temples in Ladakh: Discovering the Rich Spiritual and Cultural Landscape of the Himalayas
Ladakh, a high-altitude region in the Indian state of Jammu and Kashmir, is known for its breathtaking landscapes, unique culture, and deep spiritual significance. The region is home to several ancient temples that reflect the blend of Tibetan Buddhism and local customs and traditions. These temples are not only religious sites but also serve as cultural landmarks, offering a glimpse into Ladakh’s rich heritage.
One of the most famous temples in Ladakh is the Hemis Monastery, a 400-year-old Buddhist monastery located on the banks of the Indus River. The monastery is known for its impressive collection of ancient artifacts, including thangkas (Buddhist paintings), statues, and sacred scriptures. Another popular temple in Ladakh is the Thiksey Monastery, a 12-story complex that houses several temples and stupas. The temple is known for its stunning views of the surrounding Himalayan mountains.
Apart from these two famous temples, Ladakh is home to several other temples that are equally impressive. The Diskit Monastery, the Likir Monastery, and the Alchi Monastery are some of the other popular temples in the region.
Visiting the temples in Ladakh is a unique experience that allows visitors to explore the region’s rich spiritual and cultural landscape. These ancient temples offer a glimpse into the unique blend of Tibetan Buddhism and local customs and traditions and are a must-visit for anyone interested in exploring the region’s spiritual and cultural heritage.
"
Lakshadweep,https://www.bharattemples.com/lakshadweep,"
Lakshadweep, a group of 36 coral islands located off the coast of Kerala, is not just famous for its stunning beaches and crystal-clear waters, but also for its rich spiritual heritage. The islands are home to several ancient and modern temples that attract devotees and tourists from all over the world.
One of the most popular temples in Lakshadweep is the Juma Masjid, which is located on the island of Kavaratti. This stunning mosque is believed to have been built in the 16th century and features beautiful white domes, intricate carvings, and a peaceful atmosphere.
Another significant temple in Lakshadweep is the Ujra Mosque, which is located on the island of Agatti. This ancient mosque is believed to have been built in the 17th century and features stunning architecture that combines Islamic and Indian styles.
Apart from these famous mosques, there are also several Hindu temples and Christian churches in Lakshadweep, each with its unique history and significance. Visiting these temples is not just a religious experience, but also a way to explore the island’s cultural heritage.
In addition to their spiritual significance, Lakshadweep’s temples also offer breathtaking views of the surrounding landscapes. From the pristine beaches to the lush green forests, these temples provide a glimpse into the natural beauty of the island paradise.
In conclusion, Lakshadweep’s temples are a must-visit for anyone interested in exploring the island’s spiritual and cultural heritage. With their stunning architecture, peaceful surroundings, and fascinating history, these temples offer a unique experience that cannot be missed.
"
Madhya Pradesh,https://www.bharattemples.com/madhya-pradesh,"
Madhya Pradesh, located in the heart of India, is known for its rich cultural heritage and historical significance. The state is home to numerous temples and religious sites that attract thousands of visitors every year. These temples not only hold religious significance but also represent the rich architectural heritage of the state.
Some of the most popular temples in Madhya Pradesh include the Khajuraho temples, which are UNESCO World Heritage Sites known for their intricate carvings and sculptures. Another significant temple is the Mahakaleshwar Temple in Ujjain, dedicated to Lord Shiva and one of the 12 Jyotirlingas in India.
The state is also home to the Omkareshwar Temple, situated on an island in the Narmada river, and the Bhojpur Temple, known for its unique architecture and unfinished shivling. The Chausath Yogini Temple in Bhedaghat is also a must-visit for its unique circular structure and serene surroundings.
Apart from these temples, Madhya Pradesh also has a number of other religious sites and pilgrimage destinations such as the Amarkantak Temple, Chitrakoot Temple, and the Kandariya Mahadeva Temple. The state is also famous for its vibrant and colorful festivals such as the Khajuraho Dance Festival, Tansen Music Festival, and the Ujjain Kumbh Mela.
Visiting these temples not only provides a spiritual experience but also gives visitors a glimpse into the rich cultural heritage of Madhya Pradesh. With their intricate architecture, stunning sculptures, and religious significance, these temples are a must-visit for anyone visiting the state.
"
Maharashtra,https://www.bharattemples.com/maharashtra,"
Maharashtra, a state in Western India, is home to some of the most magnificent and ancient temples in the country. These temples not only hold great spiritual significance but also showcase the rich cultural heritage of the state. Maharashtra’s temples range from grand, ornate structures to simple, serene abodes of the divine.
One of the most popular temple circuits in Maharashtra is the Ashtavinayak Yatra, a pilgrimage to eight temples dedicated to Lord Ganesha. Each temple has its own unique significance and history. The Moreshwar Temple in Morgaon, the first stop of the yatra, is believed to be the starting point of Lord Ganesha’s journey on earth. The Siddhivinayak Temple in Mumbai is another popular temple, dedicated to Lord Ganesha and visited by millions every year.
Apart from the Ashtavinayak Yatra, Maharashtra is also home to other iconic temples such as the Trimbakeshwar Temple in Nashik, one of the twelve Jyotirlingas in India, and the Shirdi Sai Baba Temple, which attracts devotees from all over the world.
Maharashtra’s temples also showcase exquisite architecture and intricate carvings. The Elephanta Caves, a UNESCO World Heritage Site, is an example of ancient rock-cut architecture dedicated to Lord Shiva.
In conclusion, Maharashtra’s temples offer a unique blend of spirituality, history, and architecture. A visit to these temples is not only a journey of faith but also an opportunity to explore the rich cultural heritage of the state.
Popular Cities: Solapur, Kolhapur, Wardha, Sangli, Nashik, Jalna, Jalgaon, Hingoli, Gadchiroli, Chandrapur, Bhandara, Beed, Akola, Ahmednagar, Thane, Mumbai, Nagpur, Nanded, Osmanabad, Palghar, Parbhani, Pune, Raigad, Ratnagiri, Sangli, Satara, Sindhudurg,
"
Manipur,https://www.bharattemples.com/manipur,"
Manipur is a land of rich culture and traditions, and the state is home to numerous Hindu temples that date back centuries. These temples offer a glimpse into the state’s religious and cultural heritage, and attract devotees and tourists alike. From grand and ornate structures to small and humble shrines, the temples of Manipur are a testament to the devotion and faith of its people.
One of the most famous temples in Manipur is the Govindajee Temple, located in the heart of Imphal city. Dedicated to Lord Krishna, the temple is an excellent example of Manipuri architecture, and features intricate carvings and colorful murals. The temple is particularly famous for its Ras Lila festival, which is celebrated with great enthusiasm every year.
Another popular temple in Manipur is the Shree Gopalji temple, located in the small town of Wangjing. The temple is dedicated to Lord Krishna, and is believed to have been built by the King of Manipur in the 18th century. The temple is renowned for its beautiful frescoes and intricate woodcarvings.
The Kangla Fort is another important site for Hindu devotees in Manipur. The fort was the ancient seat of power of the Manipuri kings, and is believed to have been built in the 17th century. The fort complex includes a number of temples and shrines, including the Shree Govindajee temple, the Shree Bijoy Govindji temple, and the Shree Vishnu temple.
Other notable temples in Manipur include the Shree Hanuman Thakur temple in Bishnupur, the Shree Bijoy Govindji temple in Imphal, and the Shree Jagannath temple in Thoubal. Each of these temples has its own unique history and significance, and offers a fascinating glimpse into Manipur’s rich cultural heritage.
Top Places: Imphal,
"
Meghalaya,https://www.bharattemples.com/meghalaya,"
Meghalaya, located in Northeast India, is known for its stunning natural beauty, unique culture, and vibrant traditions. The state’s temples reflect this cultural richness and offer visitors a chance to explore their spirituality and connect with the region’s ancient religious practices.
One of the most significant temples in Meghalaya is the Nartiang Durga Temple, located in the town of Jowai. This temple is dedicated to Goddess Durga and is believed to have been built during the 16th century. Its stunning architecture and serene surroundings make it a popular destination for tourists and devotees alike.
Meghalaya is also home to several ancient Khasi temples, which date back to the pre-Christian era. These temples are believed to be dedicated to ancestral spirits and are an important part of the state’s cultural heritage. Some of the most notable Khasi temples in Meghalaya include the Laitumkhrah Presbyterian Church, the All Saints Church, and the Mary Help of Christians Cathedral.
Other significant temples in Meghalaya include the Mawphlang Sacred Grove, which is believed to be the abode of benevolent spirits, and the Umiyam Lake, which is a popular destination for pilgrims and tourists alike.
In conclusion, Meghalaya’s temples offer visitors a unique opportunity to explore the region’s cultural heritage and connect with their spirituality. Whether you’re a history buff, a spiritual seeker, or simply someone looking to experience the vibrant traditions of Northeast India, Meghalaya’s temples are sure to leave you with a sense of wonder and awe.
"
Mizoram,https://www.bharattemples.com/mizoram,"
Mizoram, located in Northeast India, is a land of lush forests, rolling hills, and vibrant cultures. The state’s temples are a reflection of its rich cultural heritage and offer visitors a chance to explore their spirituality and connect with the region’s cultural roots.
One of the most famous temples in Mizoram is Solomon’s Temple, located in the capital city of Aizawl. This temple is a popular destination for tourists and devotees alike, owing to its stunning architecture and beautiful surroundings. Its tranquil ambiance and serene surroundings make it an ideal destination for those seeking a peaceful retreat.
Another notable temple in Mizoram is the Mizo Hnam Run Temple, located in the town of Champhai. This temple is dedicated to Lord Shiva and is believed to have been built in the 17th century. Its beautiful architecture and serene surroundings make it a popular destination for tourists and devotees alike.
Mizoram is also home to several other significant temples, including the Sibuta Lung Temple, the Ngengpui Lui Temple, and the Lamsial Pukri Temple. Each temple offers visitors a unique opportunity to explore the region’s cultural heritage and connect with their spirituality.
In conclusion, Mizoram’s temples provide visitors with a unique opportunity to explore the region’s rich cultural heritage and connect with their spirituality. Whether you’re a history buff, a spiritual seeker, or simply someone looking for a peaceful retreat, Mizoram’s temples are sure to leave you with a sense of wonder and awe.
"
Nagaland,https://www.bharattemples.com/nagaland,"
Nagaland, located in Northeast India, is a land of diverse cultures and traditions, and its temples are a reflection of its rich heritage. From the famous Dimapur Kalibari Temple to the serene Kachari Ruins Temple, Nagaland is home to several sacred temples that offer visitors a chance to explore their spirituality and connect with the region’s cultural roots.
The Dimapur Kalibari Temple is one of the most famous temples in Nagaland. Located in the heart of Dimapur, the temple is dedicated to Goddess Kali and is considered one of the most important temples in the region. Its stunning architecture and intricate carvings make it a popular destination for tourists and devotees alike.
The Kachari Ruins Temple, located in Dimapur, is another notable temple in Nagaland. The temple is believed to have been built by the Kachari rulers, and its ruins provide a glimpse into the region’s rich history and culture. The temple’s serene ambiance and beautiful surroundings make it an ideal destination for those seeking a peaceful retreat.
Nagaland is also home to several other significant temples, including the Chumukedima Village Temple, the Naga Bazaar Temple, and the Catholic Church of Nagaland. Each temple offers visitors a unique opportunity to explore the region’s cultural heritage and connect with their spirituality.
In conclusion, Nagaland’s sacred temples provide visitors with a unique opportunity to embark on a spiritual journey and explore the region’s rich cultural heritage. Whether you’re a history buff, a spiritual seeker, or simply someone looking for a peaceful retreat, Nagaland’s temples are sure to leave you with a sense of wonder and awe.
"
Odisha,https://www.bharattemples.com/orissa,"
Odisha, formerly known as Orissa, is a land of temples and is widely considered as the epicenter of Hinduism in Eastern India. The state is home to some of the most beautiful and historically significant temples in India, showcasing the finest examples of ancient Indian architecture and art.
The temples in Odisha are not just places of worship but also an embodiment of the state’s rich cultural heritage. These architectural marvels reflect the exceptional craftsmanship, creativity, and spiritual devotion of the artisans and architects who built them.
The Sun Temple at Konark, a UNESCO World Heritage Site, is one of the most iconic temples in Odisha, featuring exquisite carvings and sculptures that depict the daily life of ancient India. The Jagannath Temple in Puri is another major pilgrimage site, attracting thousands of devotees every year.
Other notable temples in Odisha include the Lingaraj Temple in Bhubaneswar, the Mukteswara Temple in Mukteswara, and the Rajarani Temple in Bhubaneswar, among many others. Each temple has its unique style, design, and historical significance that make them worth exploring.
The temples in Odisha offer visitors a glimpse into the state’s rich cultural and religious heritage, making it an ideal destination for spiritual seekers, history enthusiasts, and art lovers alike.
Top Cities: Angul, Balangir, Balangir, Balasore, Banapur, Bargarh, Bhadrak, Bhubaneswar, Boudh, Cuttack, Debagarh, Dhenkanal, Ganjam, Jagatsinghpur, Jajpur, Jharsuguda, Kakatpur, Kalahandi, Kendrapara, Kendujhar, Khordha, Koraput, Malkangiri, Mayurbhanj, Nayagarh, Nuapada, Puri, Rayagada, Rourkela, Sambalpur, Subarnapur
"
Puducherry,https://www.bharattemples.com/puducherry,"
Temples in Puducherry: Exploring the Spiritual and Cultural Legacy of the Union Territory
Puducherry, also known as Pondicherry, is a Union Territory located on the east coast of India. The region has a unique cultural and historical legacy that reflects its French colonial past and its rich spiritual heritage. Puducherry is home to several ancient temples that attract devotees and tourists alike, making it a popular destination for spiritual seekers.
One of the most famous temples in Puducherry is the Sri Manakula Vinayagar Temple, dedicated to Lord Ganesha. The temple is located in the heart of the city and is renowned for its exquisite architecture and elaborate rituals. Another popular temple in the region is the Varadaraja Perumal Temple, dedicated to Lord Vishnu. The temple is believed to have been built in the 12th century and is known for its intricate carvings and sculptures.
Apart from these two temples, Puducherry is home to several other ancient temples that are equally impressive. The Thirukameswarar Temple, Kamakshi Amman Temple, and the Vedapureeswarar Temple are some of the other popular temples in the region.
Visiting these temples in Puducherry is a unique experience that allows visitors to explore the region’s rich cultural and spiritual legacy. These ancient temples offer a glimpse into the unique traditions and history of the region, making it a must-visit destination for anyone interested in exploring the spiritual and cultural diversity of India.
"
Punjab,https://www.bharattemples.com/punjab,"
Punjab, a state in northern India, is a land of rich cultural heritage and is known for its historic and religious significance. The state is home to several magnificent temples that showcase exquisite architecture, intricate carvings, and ancient history.
One of the most famous temples in Punjab is the Golden Temple or Harmandir Sahib in Amritsar, which is the most important religious site for the Sikh community. The temple is made of marble and copper gilt, and its dome is covered with pure gold. Devotees from all over the world come to pay their respects and seek blessings at this holy shrine.
Another famous temple in Punjab is the Durgiana Temple, located in the city of Amritsar. This temple is dedicated to Goddess Durga and is a major pilgrimage site for Hindus. The temple’s architecture is inspired by the Golden Temple, with its dome and walls covered in gold leaf.
The Anandpur Sahib Gurudwara is another important religious site in Punjab. It is the birthplace of the Khalsa, a Sikh warrior community. The gurudwara is situated on a hill and offers a panoramic view of the surrounding hills and valleys.
The Jallianwala Bagh Memorial in Amritsar is not a temple, but it is a significant site for Indians, especially Sikhs, as it commemorates the tragic incident of the Jallianwala Bagh massacre in 1919. The memorial has a beautiful garden and a memorial tower that serves as a reminder of the sacrifices made by the Indian people for their independence.
Other notable temples in Punjab include the Vaishno Devi Temple in Kangra, the Mata Chintpurni Temple in Una, and the Kali Mata Temple in Patiala. All of these temples have their own unique stories and legends associated with them.
In summary, Punjab is a state with a rich history and culture that is reflected in its magnificent temples. From the Golden Temple to the Durgiana Temple, these holy shrines are not only religiously significant but also showcase some of the finest examples of architecture and craftsmanship.
"
Rajasthan,https://www.bharattemples.com/rajasthan,"
Rajasthan, a land of diverse cultures and traditions, is home to some of the most magnificent temples in India. These temples, with their intricate carvings, magnificent architecture, and rich history, showcase the religious diversity and spiritual significance of the state. From ancient temples dedicated to Lord Shiva and Lord Vishnu to Jain temples that date back to the 12th century, Rajasthan has a plethora of temples that attract tourists and devotees from across the world.
One of the most famous temples in Rajasthan is the Dilwara Jain Temple in Mount Abu, which is renowned for its intricate marble carvings and stunning architecture. Another must-visit temple is the Brahma Temple in Pushkar, which is one of the few temples dedicated to Lord Brahma in the world. The Karni Mata Temple in Bikaner, also known as the Temple of Rats, is another unique attraction in Rajasthan. The temple is home to over 20,000 rats, which are considered sacred by the devotees.
Apart from these famous temples, Rajasthan is also home to a number of lesser-known but equally beautiful temples, such as the Eklingji Temple in Udaipur and the Mehandipur Balaji Temple in Dausa. These temples offer a glimpse into the rich history and culture of Rajasthan and are a must-visit for anyone interested in spirituality and religion.
"
Sikkim,https://www.bharattemples.com/sikkim,"
Sikkim, a northeastern state in India, is known for its breathtaking natural beauty and spiritual richness. The state is also home to several ancient and modern temples that attract a large number of devotees and tourists every year. The temples in Sikkim are not just places of worship but also reflect the rich culture and heritage of the state.
One of the most famous temples is the Rumtek Monastery, also known as the Dharma Chakra Centre. It is the largest and most important monastery in Sikkim and serves as the seat of the Karmapa, the head of the Kagyu sect of Tibetan Buddhism. The monastery was built in the 16th century and has since been renovated several times. The Rumtek Monastery houses several rare and precious artifacts, including ancient Buddhist manuscripts, thangkas (traditional paintings), and statues.
Another popular temple is the Enchey Monastery, which is located in Gangtok, the capital city of Sikkim. The monastery was built in the 19th century and is dedicated to Guru Padmasambhava, the founder of Tibetan Buddhism. The Enchey Monastery is known for its stunning architecture and beautiful surroundings.
The Tashiding Monastery is also a must-visit temple in Sikkim. Located in the western part of the state, it is one of the oldest and holiest monasteries in Sikkim. The Tashiding Monastery was built in the 17th century and is known for its ancient murals and sculptures.
Other notable temples in Sikkim include the Pemayangtse Monastery, the Phodong Monastery, and the Lingdum Monastery. Each of these temples has a unique history and significance and is worth visiting.
If you’re planning a trip to Sikkim, make sure to include some of these temples in your itinerary. They offer a glimpse into the rich spiritual and cultural heritage of the state and are sure to leave a lasting impression.
"
Tamil Nadu,https://www.bharattemples.com/tamil-nadu,"
Tamil Nadu, located in the southern part of India, is often referred to as the “Land of Temples” due to its rich heritage of ancient temples. The state is home to several historically significant and architecturally stunning temples, each with its unique story and cultural significance. The temples of Tamil Nadu offer a glimpse into the region’s spiritual and cultural traditions and attract tourists and devotees from all over the world.
One of the most famous temples is the Meenakshi Amman Temple in Madurai, dedicated to the goddess Meenakshi, an incarnation of Goddess Parvati. The temple’s intricate architecture and intricate carvings make it a marvel of Dravidian architecture and a must-visit destination for anyone interested in the region’s history and culture.
Another significant temple in Tamil Nadu is the Brihadeeswarar Temple in Thanjavur, built during the Chola dynasty in the 11th century. The temple’s towering vimana and the massive Nandi statue at the entrance make it one of the most iconic landmarks in South India.
Apart from these, there are several other temples in Tamil Nadu that are worth visiting, such as the Ranganathaswamy Temple in Srirangam, the Meenakshi Sundareswarar Temple in Kanchipuram, and the Kapaleeshwarar Temple in Chennai. Each temple has its unique significance and offers visitors a glimpse into the region’s diverse cultural traditions.
In conclusion, a visit to the temples of Tamil Nadu is a journey through the state’s spiritual and cultural heritage. The temples’ exquisite architecture, intricate carvings, and spiritual significance make them a must-visit destination for anyone interested in the region’s history and culture.
"
Telangana,https://www.bharattemples.com/telangana,"
Temples in Telangana: Exploring the Spiritual Landmarks of South India
Telangana, the southern state of India, is known for its rich history, cultural heritage, and religious significance. The state is home to a vast number of temples, each with its unique architecture, history, and religious significance. These temples not only offer a glimpse into the spiritual and cultural heritage of India but also provide a serene escape from the hustle and bustle of city life.
From the famous Bhadrakali Temple in Warangal to the ancient Kaleshwaram Temple, Telangana boasts a rich collection of temples that are visited by thousands of devotees every day. The Thousand Pillar Temple in Hanamkonda is another must-visit temple that is known for its stunning architecture and intricate carvings.
Apart from their religious significance, the temples in Telangana are also popular tourist destinations, attracting visitors from all over the world. The beautiful Charminar in Hyderabad, for instance, is not just a symbol of the city but also houses a mosque that is considered one of the oldest and most significant in India.
If you’re planning a trip to Telangana, make sure to include a visit to these temples in your itinerary. Whether you’re a believer seeking spiritual solace or a traveler looking to explore the cultural heritage of India, the temples in Telangana are a must-visit.
"
Tripura,https://www.bharattemples.com/tripura,"
Tripura, a small state located in northeastern India, is known for its rich cultural heritage and diverse religious traditions. The state is home to several Hindu temples, each with its unique history and architectural style, attracting devotees and tourists from across the country.
One of the most popular temples in Tripura is the Tripura Sundari Temple, located in the ancient city of Udaipur. Dedicated to the goddess Tripura Sundari, the temple is believed to be one of the 51 Shakti Peethas in Hindu mythology. The temple’s main sanctum is adorned with a beautiful idol of the goddess, with several smaller shrines surrounding it. The temple’s architecture is an impressive blend of Bengali and Mughal styles, and it is a must-visit for anyone interested in history and architecture.
Another famous temple in Tripura is the Bhuvaneswari Temple, situated in the city of Gomati. Dedicated to the goddess Bhuvaneswari, the temple is famous for its unique octagonal shape and exquisite carvings on the walls and pillars. The temple’s sanctum is located at the center of the structure and houses the idol of the goddess. The temple also features several smaller shrines dedicated to other deities.
Apart from these, the state is also home to other important temples like the Jagganath Temple, the Chaturdasha Devta Temple, and the Kali Temple, among others. Each temple has its unique significance and attracts a large number of devotees every year.
If you are planning a trip to Tripura, make sure to visit these temples to experience the state’s rich cultural heritage and religious traditions.
"
Uttar Pradesh,https://www.bharattemples.com/uttar-pradesh,"
Uttar Pradesh, the land of cultural diversity, is home to some of the most famous and revered temples in India. The state is dotted with countless temples that are not only important from a religious standpoint but also hold significant historical and architectural importance. From the ancient and revered temples of Varanasi to the modern marvels of Mathura and Vrindavan, Uttar Pradesh is a treasure trove of fascinating temples.
One of the most famous temples is the Kashi Vishwanath Temple, located in Varanasi. It is one of the 12 Jyotirlingas and is dedicated to Lord Shiva. The temple is believed to have been built by the Maratha queen, Ahilyabai Holkar, in the 18th century. Another significant temple in Varanasi is the Durga Temple, which is dedicated to Goddess Durga and is located in the heart of the city.
Mathura and Vrindavan are other important temple towns in Uttar Pradesh. The Sri Krishna Janmabhoomi Temple in Mathura is considered to be one of the most important temples in India and is dedicated to Lord Krishna. The ISKCON temple in Vrindavan is a modern marvel and is known for its beautiful architecture and serene atmosphere.
The state is also home to the famous Kumbh Mela, a Hindu festival held every 12 years at four different locations in India, including Allahabad in Uttar Pradesh. During the festival, millions of devotees take a dip in the holy river Ganges, considered to be a purifying act.
Overall, Uttar Pradesh is a state that is steeped in tradition and culture, and its temples are a testament to the rich history and heritage of the region. Whether you are a devout believer or a curious traveler, the temples of Uttar Pradesh are sure to leave you mesmerized.
Major Cities: Varanasi – Bhadohi – Saharanpur – Sultanpur – Shrawasti – Siddharthnagar – Sambhal
"
Uttarakhand,https://www.bharattemples.com/uttarakhand,"
Uttarakhand, also known as Devbhumi, is a state in Northern India that is steeped in spirituality and religiosity. It is home to several ancient temples and shrines that are revered by Hindus across the country. These temples are not only significant from a religious perspective, but they also hold great historical and architectural value.
The state of Uttarakhand is dotted with numerous temples, each of which has its unique significance and history. The most famous among them are the Char Dham Yatra destinations – Badrinath, Kedarnath, Gangotri, and Yamunotri. These temples are considered to be the holiest of all the pilgrimage sites in the Hindu religion.
Apart from the Char Dham Yatra, Uttarakhand is also home to other prominent temples like the Mansa Devi Temple in Haridwar, the Nanda Devi Temple in Almora, the Kainchi Dham Ashram in Nainital, and the Jageshwar Temple in Almora, among others.
These temples attract a large number of devotees and tourists from all over the world, who come here to seek blessings, peace, and solace. The architecture of these temples is unique and reflects the rich cultural heritage of the region. The intricate carvings, the exquisite sculptures, and the stunning location of these temples make them a must-visit for anyone traveling to Uttarakhand.
In conclusion, the temples in Uttarakhand are not just places of worship but also a testimony to the rich cultural and religious heritage of the region. A visit to these holy shrines is an enriching and fulfilling experience that offers a glimpse into the spiritual and cultural fabric of India.
"
West Bengal,https://www.bharattemples.com/west-bengal,"
Temples in West Bengal: A Glorious Display of Art and Architecture
West Bengal, a state located in eastern India, is famous for its rich cultural heritage and diverse traditions. The state is also known for its many exquisite temples, each a unique display of art and architecture that reflects the region’s deep spiritual and religious roots. These temples are not only significant as religious sites but also as cultural landmarks, attracting visitors from around the world.
The temple showcase a blend of different architectural styles, including classical, medieval, and modern. The state has a rich history of temple-building dating back to the 8th century AD, and many of the temples here are steeped in legend and mythology.
The architecture of the temples is characterized by intricate carvings, delicate filigree work, and exquisite sculptures. The temples are also adorned with murals and frescoes that depict scenes from Hindu mythology. Some of the most famous temples in the state include the Dakshineswar Kali Temple, the Kalighat Kali Temple, and the Birla Mandir in Kolkata, the capital city of West Bengal.
Apart from Kolkata, West Bengal has several other temple towns that are equally famous for their temples. These include Tarapith, Mayapur, Nabadwip, and Bishnupur, among others. Each of these towns has a unique temple architecture, reflecting the cultural and religious traditions of the region.
In conclusion, the temples in West Bengal are a testimony to the rich cultural heritage of the state. These temples not only attract devotees but also art enthusiasts and tourists from all over the world. With their intricate architecture and spiritual significance, the temples in West Bengal are an essential part of India’s cultural landscape.
"
